method,pr_auc,roc_auc,accuracy,f1,threshold
c_wla,0.9744172730758976,0.9988490185864214,0.9934816812766913,0.9339407744874715,0.38694763634435014
iso_avg,0.9717429336993475,0.9988546361375142,0.9936502584850528,0.935685828116107,0.25565428109854604
rrf,0.5350346822170605,0.9761355468494171,0.9506068779501011,0.6407846342460155,0.05740468931637592
